{
  "hit_rate": {
    "mean": 1.0,
    "std": 0.0,
    "n": 30
  },
  "mrr": {
    "mean": 0.961111111111111,
    "std": 0.1496056971617189,
    "n": 30
  },
  "hallucination_score": {
    "mean": 1.0,
    "std": 0.0,
    "n": 30
  },
  "relevance_score": {
    "mean": 1.0,
    "std": 0.0,
    "n": 30
  },
  "correctness_score": {
    "mean": 0.9099999999999999,
    "std": 0.08944271909999157,
    "n": 30
  },
  "latency_ms": {
    "mean": 2867.7799999999997,
    "std": 2413.518613031247,
    "n": 30
  }
}